[{"name": "Angelina Jolie", "branch": "btech", "dob": "June 4, 1975"}, {"name": "Adele", "branch": "btech", "dob": "May 5, 1988"}, {"name": "Arnold Schwarzenegger", "branch": "mba", "dob": "July 30, 1947"}, {"name": "Anne Hathaway", "branch": "mca", "dob": "November 12, 1982"}, {"name": "Amy Adams", "branch": "hmct", "dob": "August 20, 1974"}, {"name": "Anthony Hopkins", "branch": "hmct", "dob": "December 31, 1937"}, {"name": "Alicia Keys", "branch": "mca", "dob": "January 25, 1981"}, {"name": "Ashton Kutcher", "branch": "mca", "dob": "February 7, 1978"}, {"name": "Ariana Grande", "branch": "mca", "dob": "June 26, 1993"}, {"name": "Brad Pitt", "branch": "mca", "dob": "December 18, 1963"}, {"name": "Beyonc\u00e9", "branch": "hmct", "dob": "September 4, 1981"}, {"name": "Ben Affleck", "branch": "btech", "dob": "August 15, 1972"}, {"name": "Britney Spears", "branch": "hmct", "dob": "December 2, 1981"}, {"name": "Bruce Willis", "branch": "mca", "dob": "March 19, 1955"}, {"name": "Billie Eilish", "branch": "btech", "dob": "December 18, 2001"}, {"name": "Benedict Cumberbatch", "branch": "hmct", "dob": "July 19, 1976"}, {"name": "Blake Lively", "branch": "mca", "dob": "August 25, 1987"}, {"name": "Barbara Streisand", "branch": "imsc", "dob": "April 24, 1942"}, {"name": "Bradley Cooper", "branch": "btech", "dob": "January 5, 1975"}, {"name": "Charlize Theron", "branch": "mca", "dob": "August 7, 1975"}, {"name": "Chris Hemsworth", "branch": "mca", "dob": "August 11, 1983"}, {"name": "Cameron Diaz", "branch": "imsc", "dob": "August 30, 1972"}, {"name": "Christian Bale", "branch": "hmct", "dob": "January 30, 1974"}, {"name": "Cate Blanchett", "branch": "hmct", "dob": "May 14, 1969"}, {"name": "Courteney Cox", "branch": "mba", "dob": "June 15, 1964"}, {"name": "Catherine Zeta-Jones", "branch": "imsc", "dob": "September 25, 1969"}, {"name": "Channing Tatum", "branch": "imsc", "dob": "April 26, 1980"}, {"name": "Christina Aguilera", "branch": "imsc", "dob": "December 18, 1980"}, {"name": "Colin Firth", "branch": "mca", "dob": "September 10, 1960"}, {"name": "Dwayne Johnson", "branch": "mba", "dob": "May 2, 1972"}, {"name": "Dakota Johnson", "branch": "imsc", "dob": "October 4, 1989"}, {"name": "Daniel Radcliffe", "branch": "imsc", "dob": "July 23, 1989"}, {"name": "Drew Barrymore", "branch": "imsc", "dob": "February 22, 1975"}, {"name": "David Beckham", "branch": "btech", "dob": "May 2, 1975"}, {"name": "Demi Lovato", "branch": "mba", "dob": "August 20, 1992"}, {"name": "Denzel Washington", "branch": "btech", "dob": "December 28, 1954"}, {"name": "Diane Kruger", "branch": "mca", "dob": "July 15, 1976"}, {"name": "David Bowie", "branch": "mca", "dob": "January 8, 1947"}, {"name": "Dan Stevens", "branch": "mba", "dob": "October 10, 1982"}, {"name": "Freddie Mercury", "branch": "btech", "dob": "September 5, 1946"}, {"name": "Jennifer Aniston", "branch": "btech", "dob": "February 11, 1969"}, {"name": "Morgan Freeman", "branch": "imsc", "dob": "June 1, 1937"}, {"name": "Scarlett Johansson", "branch": "imsc", "dob": "November 22, 1984"}, {"name": "Will Ferrell", "branch": "mba", "dob": "July 16, 1967"}, {"name": "Forest Whitaker", "branch": "mba", "dob": "July 15, 1961"}, {"name": "Fergie (Stacy Ferguson)", "branch": "mca", "dob": "March 27, 1975"}, {"name": "Faye Dunaway", "branch": "mca", "dob": "January 14, 1941"}, {"name": "Frances McDormand", "branch": "imsc", "dob": "June 23, 1957"}, {"name": "Felicity Huffman", "branch": "hmct", "dob": "December 9, 1962"}, {"name": "George Lucas", "branch": "mba", "dob": "May 14, 1944"}, {"name": "Idris Elba", "branch": "imsc", "dob": "September 6, 1972"}, {"name": "Isla Fisher", "branch": "mba", "dob": "February 3, 1976"}, {"name": "Ian McKellen", "branch": "mba", "dob": "May 25, 1939"}, {"name": "Imran Khan", "branch": "btech", "dob": "October 5, 1952"}, {"name": "Irina Shayk", "branch": "mca", "dob": "January 6, 1986"}, {"name": "Ice Cube", "branch": "imsc", "dob": "June 15, 1969"}, {"name": "India Arie", "branch": "hmct", "dob": "October 3, 1975"}, {"name": "Isaac Newton", "branch": "btech", "dob": "January 4, 1643"}, {"name": "Ingrid Bergman", "branch": "btech", "dob": "August 29, 1915"}, {"name": "Isabella Rossellini", "branch": "mba", "dob": "June 18, 1952"}, {"name": "Kim Kardashian", "branch": "mca", "dob": "October 21, 1980"}, {"name": "Keanu Reeves", "branch": "btech", "dob": "September 2, 1964"}, {"name": "Kate Winslet", "branch": "mba", "dob": "October 5, 1975"}, {"name": "Kanye West", "branch": "mca", "dob": "June 8, 1977"}, {"name": "Kristen Stewart", "branch": "hmct", "dob": "April 9, 1990"}, {"name": "Kevin Hart", "branch": "imsc", "dob": "July 6, 1979"}, {"name": "Katy Perry", "branch": "hmct", "dob": "October 25, 1984"}, {"name": "Kourtney Kardashian", "branch": "mba", "dob": "April 18, 1979"}, {"name": "Keira Knightley", "branch": "hmct", "dob": "March 26, 1985"}, {"name": "Kylie Jenner", "branch": "mca", "dob": "August 10, 1997"}, {"name": "Meryl Streep", "branch": "mca", "dob": "June 22, 1949"}, {"name": "Morgan Freeman", "branch": "imsc", "dob": "June 1, 1937"}, {"name": "Meghan Markle", "branch": "btech", "dob": "August 4, 1981"}, {"name": "Matthew McConaughey", "branch": "imsc", "dob": "November 4, 1969"}, {"name": "Mila Kunis", "branch": "mba", "dob": "August 14, 1983"}, {"name": "Mark Zuckerberg", "branch": "mba", "dob": "May 14, 1984"}, {"name": "Madonna", "branch": "imsc", "dob": "August 16, 1958"}, {"name": "Michael Jordan", "branch": "mba", "dob": "February 17, 1963"}, {"name": "Margot Robbie", "branch": "btech", "dob": "July 2, 1990"}, {"name": "Michelle Obama", "branch": "mba", "dob": "January 17, 1964"}, {"name": "Oprah Winfrey", "branch": "mca", "dob": "January 29, 1954"}, {"name": "Olivia Wilde", "branch": "mba", "dob": "March 10, 1984"}, {"name": "Orlando Bloom", "branch": "imsc", "dob": "January 13, 1977"}, {"name": "Octavia Spencer", "branch": "imsc", "dob": "May 25, 1972"}, {"name": "Oscar Isaac", "branch": "mca", "dob": "March 9, 1979"}, {"name": "Owen Wilson", "branch": "mca", "dob": "November 18, 1968"}, {"name": "Olivia Newton-John", "branch": "imsc", "dob": "September 26, 1948"}, {"name": "Omar Epps", "branch": "imsc", "dob": "July 20, 1973"}, {"name": "Octavia Butler", "branch": "imsc", "dob": "June 22, 1947"}, {"name": "Olivia Munn", "branch": "mca", "dob": "July 3, 1980"}, {"name": "Scarlett Johansson", "branch": "mca", "dob": "November 22, 1984"}, {"name": "Samuel L. Jackson", "branch": "imsc", "dob": "December 21, 1948"}, {"name": "Selena Gomez", "branch": "btech", "dob": "July 22, 1992"}, {"name": "Sandra Bullock", "branch": "mba", "dob": "July 26, 1964"}, {"name": "Steve Jobs", "branch": "hmct", "dob": "February 24, 1955"}, {"name": "Shakira", "branch": "btech", "dob": "February 2, 1977"}, {"name": "Shia LaBeouf", "branch": "mba", "dob": "June 11, 1986"}, {"name": "Serena Williams", "branch": "mba", "dob": "September 26, 1981"}, {"name": "Simon Cowell", "branch": "mca", "dob": "October 7, 1959"}, {"name": "Sophie Turner", "branch": "btech", "dob": "February 21, 1996"}, {"name": "Usher", "branch": "btech", "dob": "October 14, 1978"}, {"name": "Uma Thurman", "branch": "btech", "dob": "April 29, 1970"}, {"name": "Will Smith", "branch": "mba", "dob": "September 25, 1968"}, {"name": "Winona Ryder", "branch": "btech", "dob": "October 29, 1971"}, {"name": "Woody Harrelson", "branch": "mba", "dob": "July 23, 1961"}, {"name": "Wendy Williams", "branch": "imsc", "dob": "July 18, 1964"}, {"name": "Wiz Khalifa", "branch": "mba", "dob": "September 8, 1987"}, {"name": "Whoopi Goldberg", "branch": "mba", "dob": "November 13, 1955"}, {"name": "William Shatner", "branch": "hmct", "dob": "March 22, 1931"}, {"name": "Whitney Houston", "branch": "btech", "dob": "August 9, 1963"}, {"name": "Willem Dafoe", "branch": "btech", "dob": "July 22, 1955"}, {"name": "Wentworth Miller", "branch": "hmct", "dob": "June 2, 1972"}, {"name": "Yara Shahidi", "branch": "btech", "dob": "February 10, 2000"}, {"name": "Yo-Yo Ma", "branch": "hmct", "dob": "October 7, 1955"}, {"name": "Halle Berry", "branch": "hmct", "dob": "August 14, 1966"}, {"name": "Hugh Jackman", "branch": "btech", "dob": "October 12, 1968"}, {"name": "Harrison Ford", "branch": "mba", "dob": "July 13, 1942"}, {"name": "Heidi Klum", "branch": "hmct", "dob": "June 1, 1973"}, {"name": "Heath Ledger", "branch": "mba", "dob": "April 4, 1979"}, {"name": "Helena Bonham Carter", "branch": "imsc", "dob": "May 26, 1966"}, {"name": "Hilary Swank", "branch": "hmct", "dob": "July 30, 1974"}, {"name": "Hugh Hefner", "branch": "imsc", "dob": "April 9, 1926"}, {"name": "Hailee Steinfeld", "branch": "mca", "dob": "December 11, 1996"}, {"name": "Hozier", "branch": "mca", "dob": "March 17, 1990"}, {"name": "Johnny Depp", "branch": "mca", "dob": "June 9, 1963"}, {"name": "Jennifer Aniston", "branch": "imsc", "dob": "February 11, 1969"}, {"name": "Justin Bieber", "branch": "btech", "dob": "March 1, 1994"}, {"name": "Julia Roberts", "branch": "mba", "dob": "October 28, 1967"}, {"name": "James Franco", "branch": "mba", "dob": "April 19, 1978"}, {"name": "Jennifer Lawrence", "branch": "btech", "dob": "August 15, 1990"}, {"name": "John Legend", "branch": "btech", "dob": "December 28, 1978"}, {"name": "Jessica Alba", "branch": "mba", "dob": "April 28, 1981"}, {"name": "Jude Law", "branch": "mba", "dob": "December 29, 1972"}, {"name": "Jodie Foster", "branch": "hmct", "dob": "November 19, 1962"}, {"name": "Leonardo DiCaprio", "branch": "mba", "dob": "November 11, 1974"}, {"name": "Jennifer Lopez", "branch": "mca", "dob": "July 24, 1969"}, {"name": "Liam Neeson", "branch": "mca", "dob": "June 7, 1952"}, {"name": "Lucy Liu", "branch": "imsc", "dob": "December 2, 1968"}, {"name": "Luke Hemsworth", "branch": "hmct", "dob": "November 5, 1980"}, {"name": "Laura Dern", "branch": "mba", "dob": "February 10, 1967"}, {"name": "Liv Tyler", "branch": "mca", "dob": "July 1, 1977"}, {"name": "Lily Collins", "branch": "hmct", "dob": "March 18, 1989"}, {"name": "Lena Headey", "branch": "hmct", "dob": "October 3, 1973"}, {"name": "Lenny Kravitz", "branch": "hmct", "dob": "May 26, 1964"}, {"name": "Natalie Portman", "branch": "mba", "dob": "June 9, 1981"}, {"name": "Nicolas Cage", "branch": "hmct", "dob": "January 7, 1964"}, {"name": "Nicole Kidman", "branch": "btech", "dob": "June 20, 1967"}, {"name": "Neil Patrick Harris", "branch": "btech", "dob": "June 15, 1973"}, {"name": "Naomi Watts", "branch": "btech", "dob": "September 28, 1968"}, {"name": "Natalie Dormer", "branch": "mca", "dob": "February 11, 1982"}, {"name": "Willem Dafoe", "branch": "imsc", "dob": "July 22, 1955"}, {"name": "William Shatner", "branch": "mca", "dob": "March 22, 1931"}, {"name": "Wes Anderson", "branch": "mca", "dob": "May 1, 1969"}, {"name": "Wentworth Miller", "branch": "mba", "dob": "June 2, 1972"}, {"name": "Wynona Judd", "branch": "mca", "dob": "May 30, 1964"}, {"name": "Zachary Quinto", "branch": "btech", "dob": "June 2, 1977"}, {"name": "Zendaya", "branch": "imsc", "dob": "September 1, 1996"}, {"name": "Zoe Saldana", "branch": "imsc", "dob": "June 19, 1978"}, {"name": "Zac Efron", "branch": "imsc", "dob": "October 18, 1987"}, {"name": "Zooey Deschanel", "branch": "btech", "dob": "January 17, 1980"}, {"name": "Zoe Kravitz", "branch": "mca", "dob": "December 1, 1988"}, {"name": "Zayn Malik", "branch": "mca", "dob": "January 12, 1993"}, {"name": "Zach Galifianakis", "branch": "btech", "dob": "October 1, 1969"}, {"name": "Zara Larsson", "branch": "btech", "dob": "December 16, 1997"}, {"name": "Zane Holtz", "branch": "imsc", "dob": "January 18, 1987"}]
